week_ending,type,avg_selling_price,total_bulk_and_bags_units,plu4046_units,plu4225_units,plu4770_units,total_bagged_units,sml_bagged_units,lrg_bagged_units,xlrg_bagged_units
2017-01-02,Conventional,0.89,38879717,12707895,14201201,549845,11420777,8551134,2802710,66934
2017-01-08,Conventional,0.99,38049803,11809728,13856935,539069,11844072,9332972,2432260,78841
2017-01-15,Conventional,0.98,38295489,12936859,12625666,579347,12153619,9445623,2638919,69078
2017-01-22,Conventional,0.94,42140394,14254151,14212882,908617,12764745,9462854,3231020,70872
2017-01-29,Conventional,0.96,39373580,14034076,11683465,818728,12837312,9918256,2799961,119096
2017-02-05,Conventional,0.77,61034458,22743617,20328162,1664384,16298297,12567156,3618271,112870
2017-02-12,Conventional,0.87,41077471,15051952,12184189,862323,12979009,9922490,2919325,137195
2017-02-19,Conventional,0.99,33905855,11321733,10351149,832907,11400068,8676990,2576167,146912
2017-02-26,Conventional,0.99,37007798,13173669,11398143,896762,11539225,8945889,2405734,187603
2017-03-05,Conventional,1.13,33684176,11335276,10807890,795174,10745837,8302601,2322678,120559
2017-03-12,Conventional,1.22,32020574,11228358,9575228,727234,10489757,8207586,2124295,157877
2017-03-19,Conventional,1.25,31595126,10975690,9622712,638218,10358506,8202243,2000177,156088
2017-03-26,Conventional,1.24,32555120,11737560,9664311,611106,10542144,8498318,1844372,199454
2017-04-02,Conventional,1.21,34468018,12245521,9733585,624710,11864203,9385517,2330301,148386
2017-04-09,Conventional,1.21,34785713,12091316,10821097,647970,11225333,8946793,2098143,180397
2017-04-16,Conventional,1.23,35182321,12311056,10069355,650018,12151895,9399105,2544943,207847
2017-04-23,Conventional,1.18,35729014,12236714,10224485,613508,12654310,9051467,3434847,167996
2017-04-30,Conventional,1.18,38315501,13316595,11291150,667997,13039761,9463811,3378924,197026
2017-05-07,Conventional,1.09,47293922,17076651,13549103,863472,15804697,11228050,4324232,252416
2017-05-14,Conventional,1.19,36634270,12807837,9717258,652974,13456202,10373348,2859414,223441
2017-05-21,Conventional,1.26,34397652,12120949,10213232,621604,11441867,8508443,2718686,214740
2017-05-28,Conventional,1.28,37030894,12841953,10932971,673385,12582587,9312240,3013460,256888
2017-06-04,Conventional,1.24,37352361,13248335,10157566,667067,13279395,10103008,2946265,230123
2017-06-11,Conventional,1.21,37039854,13490546,10090862,648411,12810036,9373422,3128714,307901
2017-06-18,Conventional,1.18,38247670,12975374,11199449,807108,13265741,9650859,3267492,347391
2017-06-25,Conventional,1.17,37305308,12901032,10805962,655966,12942349,9462414,3202254,277682
2017-07-02,Conventional,1.21,38010427,12623189,10988735,859890,13538614,10041244,3119709,377662
2017-07-09,Conventional,1.17,39367337,13009945,11031219,821965,14504210,11112406,3018281,373524
2017-07-16,Conventional,1.33,32455048,11155466,11202845,756104,9340634,6514900,2499386,326349
2017-07-23,Conventional,1.31,32608302,11391056,11339581,612243,9265423,6333889,2636617,294919
2017-07-30,Conventional,1.32,31756098,11112192,11088083,596677,8959148,6337458,2396439,225252
2017-08-06,Conventional,1.33,32529921,11292581,10988314,665313,9583714,6889926,2376270,317518
2017-08-13,Conventional,1.33,32817255,10952704,11154311,624964,10085277,6687662,3118890,278726
2017-08-20,Conventional,1.41,29913745,10507929,8837220,581075,9987522,6837127,2911555,238842
2017-08-27,Conventional,1.47,28785280,10735710,8587106,517542,8944923,6592504,2117566,234854
2017-09-03,Conventional,1.57,26808411,9775063,8565266,541903,7926180,5851815,1855971,218395
2017-09-10,Conventional,1.56,26385082,9496486,8373235,487927,8027436,6035667,1818833,172937
2017-09-17,Conventional,1.41,80110,3987,66935,34,9155,5290,3852,14
2017-09-24,Conventional,1.64,68540,2509,56024,75,9934,5392,4542,0
2017-10-01,Conventional,1.69,71206,4412,57417,78,9300,5070,4231,0
2017-10-08,Conventional,1.78,55369,3680,45844,43,5803,2149,3655,0
2017-10-15,Conventional,1.58,25031590,8769358,8534405,392120,7335708,5387870,1893511,54328
2017-10-22,Conventional,1.44,26706972,9607587,8761193,409599,7928594,6074597,1804540,49458
2017-10-29,Conventional,1.29,30237912,10596903,9803570,424756,9412684,6602083,2747520,63081
2017-11-05,Conventional,1.19,32051595,11042129,9774988,400251,10834228,7470395,3275464,88370
2017-11-12,Conventional,1.15,32336225,11512837,9994648,416643,10412097,7277327,3044847,89923
2017-11-19,Conventional,1.17,29253484,11173132,7847059,416186,9817108,6662322,3059627,95159
2017-11-26,Conventional,1.24,24686675,9175316,7312239,379637,7819483,5571801,2156887,90795
2017-12-03,Conventional,1.09,33824253,11746980,10905968,583801,10587491,7730801,2748622,108068
2017-12-10,Conventional,1.03,35634914,11943915,11659898,398349,11632753,8404956,3122651,105147
2017-12-17,Conventional,1.07,30757768,10704215,9934619,574090,9544846,7149681,2260603,134563
2017-12-24,Conventional,1.18,29102350,10027320,8964248,546374,9564409,7222271,2226795,115344
2018-01-01,Conventional,0.98,38267342,13109618,13197461,644838,11315426,8092356,3098374,124697
2018-01-07,Conventional,1.13,36703157,13730993,10781340,677715,11513110,8231767,3130920,150425
2018-01-14,Conventional,1.2,37299946,12600919,11866198,652809,12180021,8128242,3917570,134209
2018-01-21,Conventional,1.08,42939822,14218844,13929703,928816,13862461,9866219,3789723,206520
2018-01-28,Conventional,1.09,40171641,14551800,12119885,575975,12923982,9749413,3041126,133445
2018-02-04,Conventional,0.87,62505647,21620181,20445502,1066831,19373135,13384587,5719097,269451
2018-02-11,Conventional,0.97,43167807,15870678,11541845,652857,15102427,10844853,4023486,234090
2018-02-18,Conventional,1.08,36709888,13262752,10491919,552970,12402248,9023352,3151158,227739
2018-02-25,Conventional,1.06,40021529,13829858,10415464,724331,15051878,10666943,4081398,303537
2018-03-04,Conventional,1.07,40741215,14439548,11289308,571748,14440612,10832908,3339215,268490
2018-03-11,Conventional,1.09,40449604,14089092,10758040,707579,14894894,11392829,3229557,272509
2018-03-18,Conventional,1.05,41386315,13707390,11061052,645381,15972493,11712808,3988102,271584
2018-03-25,Conventional,1.03,43409836,14130800,12125712,758802,16394525,12540328,3544730,309468
2018-04-01,Conventional,1.1,41109689,13467729,10744042,732444,16165476,11826775,4055705,282996
2018-04-08,Conventional,1.04,42964068,13410252,13040704,737516,15775598,10948346,4555613,271640
2018-04-15,Conventional,1.03,47098678,15307340,13807127,894947,17089266,12283245,4522005,284017
2018-04-22,Conventional,1.04,44313980,14522578,12709403,722559,16359440,11850826,4207589,301026
2018-04-29,Conventional,1.07,43856759,14254037,13240109,744031,15618584,11122007,4208204,288373
2018-05-06,Conventional,0.89,63716145,21137401,19900872,1052500,21625373,15436247,5840415,348712
2018-05-13,Conventional,1,46371246,15432481,12367252,759856,17811659,13110017,4432537,269106
2018-05-20,Conventional,1.02,44458799,15391299,12092089,736112,16239300,11427677,4549193,262432
2018-05-27,Conventional,1.03,47105315,15644844,13548820,793659,17117993,11620664,5229856,267474
2018-06-03,Conventional,1.07,44705040,15241659,12611265,828738,16023379,11035194,4684091,304095
2018-06-10,Conventional,1.03,45613373,15949808,13691956,753787,15217824,11228600,3724801,264423
2018-06-17,Conventional,1.09,44009085,14909831,12904473,782044,15412739,11486169,3707919,218651
2018-06-24,Conventional,1.04,44742750,14643775,12717018,1110724,16271235,11708300,4262205,300731
2018-07-01,Conventional,1.05,45572740,14978440,12542938,969239,17082123,11945299,4934541,202285
2018-07-08,Conventional,1.03,47848190,14624444,14184133,1169256,17870358,12817173,4735853,317333
2018-07-15,Conventional,1.07,43126774,13457480,12125208,908600,16635487,11924571,4460657,250260
2018-07-22,Conventional,1.1,41906917,12371333,12486291,1075362,15973932,10179552,5511075,283306
2018-07-29,Conventional,1.12,40512783,11801093,12818315,622038,15271337,10400082,4639009,232247
2018-08-05,Conventional,1.15,39427667,12286514,11712661,715532,14712961,10184576,4256129,272257
2018-08-12,Conventional,1.12,40901951,12048458,12657831,881279,15314383,10707558,4270143,336683
2018-08-19,Conventional,1.13,40735733,12009247,11634726,1116319,15975443,11055174,4500205,420065
2018-08-26,Conventional,1.22,36867975,11171124,11286480,699011,13711362,9484136,3930112,297115
2018-09-02,Conventional,1.29,36169162,10916803,10880827,777528,13594005,9783861,3485419,324726
2018-09-09,Conventional,1.24,37484254,11028195,11898527,859247,13698287,9876855,3505979,315455
2018-09-16,Conventional,1.22,35609956,11598587,9716278,743852,13551241,9562608,3684647,303986
2018-09-23,Conventional,1.19,34866283,10635596,10368079,644555,13218055,9638334,3294143,285579
2018-09-30,Conventional,1.1,37588535,11693994,10028232,659679,15206632,11080363,3869003,257267
2018-10-07,Conventional,1.08,38061760,11931877,10220789,794612,15114484,11085672,3792436,236377
2018-10-14,Conventional,1.08,36869561,11397966,10293295,599008,14579294,10460715,3928695,189886
2018-10-21,Conventional,1.13,34002535,10104601,9817027,530699,13550209,9914170,3463121,172920
2018-10-28,Conventional,1.01,39402227,12142266,10845125,549491,15865347,11437563,4320345,107439
2018-11-04,Conventional,1.01,38363283,12420773,10192036,528278,15222198,10602849,4538744,80605
2018-11-11,Conventional,1,39042284,13355864,10385142,603033,14698246,10721368,3865597,111283
2018-11-18,Conventional,1.14,29871136,9719229,7271529,497405,12382974,9174636,3103023,105316
2018-11-25,Conventional,1.25,21855494,7140336,6021451,402866,8290843,6016143,2183011,91689
2018-12-02,Conventional,1.22,27652426,9516478,7462866,521911,10151173,7174282,2895344,81548
2019-01-07,Conventional,1.02,44749708,14377054,11890233,893722,17588701,12829494,4617814,141394
2019-01-13,Conventional,0.97,48088441,15500569,13443607,741411,18402855,12137098,6130318,135440
2019-01-20,Conventional,0.99,47145265,13843022,13453613,1328747,18519885,12840427,5419915,259544
2019-01-27,Conventional,1.03,43574810,14531450,11053097,830803,17159462,11231766,5628142,299555
2019-02-03,Conventional,0.84,62451515,19498920,17887807,1591801,23472989,15264524,7864298,344169
2019-02-10,Conventional,0.91,46702985,15056414,12025542,822703,18798329,12438638,6191153,168539
2019-02-17,Conventional,0.96,42664976,13572743,11372878,1306104,16413253,10553828,5603665,255762
2019-02-24,Conventional,0.98,43682566,13423018,12170265,1038106,17051179,11676382,5110695,264103
2019-03-03,Conventional,1,44402425,14607959,11158681,972116,17663671,11608929,5702350,352392
2019-03-10,Conventional,0.98,46192003,14299260,12096367,996824,18799554,12490685,5873049,435821
2019-03-17,Conventional,0.94,48744676,15417244,11325571,1404435,20597428,13377155,6718344,501931
2019-03-24,Conventional,0.99,47068806,14147439,13174262,1014093,18733013,11981190,6380777,371048
2019-03-31,Conventional,0.99,45361323,13981630,11271304,1101106,19007285,11327600,7451905,227780
2019-04-07,Conventional,0.97,49306987,14218226,12998359,1493001,20597402,12949531,7288682,359189
2019-04-14,Conventional,1.05,45956799,13116579,12746907,1181614,18911700,12002215,6411538,497948
2019-04-21,Conventional,1.27,39009981,11457332,9683823,1076013,16792815,10656050,5768551,368215
2019-04-28,Conventional,1.37,35223604,11547045,9044580,908430,13723550,8751302,4661548,310702
2019-05-05,Conventional,1.22,49213687,15439383,13655552,1033256,19085498,11663446,6985235,436818
2019-05-12,Conventional,1.24,43060976,13040338,11403252,890221,17726802,11266028,6092754,368020
2019-05-19,Conventional,1.29,38309263,11718600,10111449,909584,15569631,10410832,4907118,251682
2019-05-26,Conventional,1.31,40514871,11623030,10706873,824383,17360587,10942410,6110524,307654
2019-06-02,Conventional,1.23,43111486,11420786,11004957,1002654,19683090,11094954,7743207,844930
2019-06-09,Conventional,1.22,43111834,11656651,11308619,825154,19321412,10846856,7806416,668141
2019-06-16,Conventional,1.32,39221438,10842299,10280897,816708,17281535,10407245,6314651,559641
2019-06-23,Conventional,1.34,38628188,10625893,9968047,764158,17270092,9808035,6785758,676300
2019-06-30,Conventional,1.37,38035402,9799557,10371744,857121,17006981,10061619,6340093,605270
2019-07-07,Conventional,1.46,38883160,10153138,11262187,1019934,16447903,10234861,5496938,716105
2019-07-14,Conventional,1.47,34945477,9173283,9679714,754280,15338202,9764519,4958011,615673
2019-07-21,Conventional,1.5,33854235,8971164,9009256,857182,15016635,9310150,4989309,717176
2019-07-28,Conventional,1.47,34727443,9360276,8978734,948646,15439789,9477043,5252513,710234
2019-08-04,Conventional,1.41,35751882,10031522,8853238,789421,16077702,10217007,5217066,643629
2019-08-11,Conventional,1.34,37406701,9588931,9165180,907352,17745239,11187292,5806803,751145
2019-08-18,Conventional,1.32,37425680,10284042,9054932,780502,17306204,10721993,5880317,703895
2019-08-25,Conventional,1.23,39340252,11369009,8786181,834793,18350270,11207458,6397324,745489
2019-09-01,Conventional,1.23,40024360,10872366,9755444,760025,18636527,12555025,5394810,686693
2019-09-08,Conventional,1.23,38757176,11313321,8923954,809241,17710661,12047740,5059286,603635
2019-09-15,Conventional,1.21,38782070,10684606,8996309,539378,18561779,10979484,7166523,415773
2019-09-22,Conventional,1.2,37132650,10297740,8794974,561901,17478036,9839008,7246421,392608
2019-09-29,Conventional,1.15,39064518,10290945,9755175,562316,18456084,10562000,7553428,340657
2019-10-06,Conventional,1.12,39479784,9757039,9155131,833640,19733974,11293215,7958754,482006
2019-10-13,Conventional,1.11,38768169,10329902,9467626,710892,18259750,10580508,7098398,580845
2019-10-20,Conventional,1.07,38477322,9670777,8752202,675094,19378277,10546393,8378356,453529
2019-10-27,Conventional,1.04,39116433,10769297,8331286,617737,19398115,11075004,7790541,532571
2019-11-03,Conventional,1.04,37329537,10376833,7835072,598958,18518674,10710797,7268952,538927
2019-11-10,Conventional,1.01,39062078,10717154,8561348,714813,19068763,10984070,7410528,674164
2019-11-17,Conventional,1.02,37883934,10859987,7674135,586287,18763525,10882824,7272877,607824
2019-11-24,Conventional,1.06,34631238,9568975,7488155,647375,16926733,9572128,6756021,598584
2019-12-01,Conventional,1.05,31319054,9291631,6238096,585262,15204064,8665497,5986828,551739
2019-12-08,Conventional,0.96,39683132,11347724,8495658,732027,19106745,10559421,7946440,600885
2019-12-15,Conventional,1.02,35174365,9939947,7293253,544369,17396798,9907453,6998811,490534
2019-12-22,Conventional,1.03,34459835,10219145,6805135,695300,16740256,9193316,6983047,563894
2019-12-29,Conventional,0.92,39387850,11755126,7518141,695277,19419308,10764994,7997197,657118
2020-01-06,Conventional,0.97,46310706,13036249,10416875,845597,22010552,11649672,9670935,689946
2020-01-12,Conventional,0.97,46524779,13223760,8444075,627870,24227624,13241644,10377041,608940
2020-01-19,Conventional,0.93,48534973,13102980,10072455,949387,24408697,13606026,10056821,745851
2020-01-26,Conventional,1.01,43938473,12635231,7658266,611402,23032152,13202403,9280523,549228
2020-02-02,Conventional,0.85,63428865,17494333,13036383,1205864,31689189,17403575,13327601,958014
2020-02-09,Conventional,0.96,47887560,13668924,9377991,768747,24071900,12455684,10778545,837672
2020-02-16,Conventional,1.02,42730998,12495823,7867290,521607,21846281,11583696,9598984,663602
2020-02-23,Conventional,1.01,45009240,12700929,7811582,685824,23810907,13227464,9952407,631037
2020-03-01,Conventional,1.09,43500149,12625972,7765152,455852,22652393,12883795,9241499,527100
2020-03-08,Conventional,1.13,44303012,13057778,7639124,370265,23235647,14122436,8492347,620865
2020-03-15,Conventional,1.16,51540126,14968569,8766718,452356,27352452,16100500,10631016,620938
2020-03-22,Conventional,1.16,48981847,15236175,8484264,425087,24836314,14431166,9912372,492777
2020-03-29,Conventional,1.19,46381648,14113617,8477723,419459,23370634,14907230,7758314,705092
2020-04-05,Conventional,1.15,50361126,16273298,9157285,486271,24444068,16146225,7530462,767382
2020-04-12,Conventional,1.2,47850538,15337308,8657850,527483,23327707,15385869,7030808,911032
2020-04-19,Conventional,1.14,50089192,15371298,8761488,661171,25295052,16144251,8128236,1022565
2020-04-26,Conventional,1.15,52015535,15237699,10580032,740328,25457283,16664185,7797365,995734
2020-05-03,Conventional,1.03,62179376,19308948,11026478,715302,31128391,20550407,9682199,895785
2020-05-10,Conventional,1.09,58463221,17894356,11123424,837610,28607618,18739692,8992206,875722
2020-05-17,Conventional,1.16,51690122,15951220,9221699,728026,25788841,16896406,7972085,920350
2020-05-24,Conventional,1.11,56769152,17107525,9947892,854508,28858999,18426503,9218375,1214120
2020-05-31,Conventional,1.07,57509313,16286759,11346382,887011,28989020,18664351,9081422,1243247
2020-06-07,Conventional,1.08,54532348,16718884,9757798,1100945,26954602,17522596,8376733,1055273
2020-06-14,Conventional,1.06,55007945,15510458,11019342,978710,27499330,17969207,8331756,1198367
2020-06-21,Conventional,1.08,52151484,15717884,9295728,950152,26187643,17715892,7164225,1307527
2020-06-28,Conventional,1.04,51723710,14685425,9247458,927274,26863385,17913819,7768051,1181516
2020-07-05,Conventional,1.06,55608057,16678147,9939270,1060184,27930346,18487695,8039468,1403185
2020-07-12,Conventional,1.04,51081493,14418173,9424288,922495,26316385,16876197,8388110,1052079
2020-07-19,Conventional,1.01,51962254,14222877,9856364,1213973,26668838,16933311,8622285,1113243
2020-07-26,Conventional,0.99,52057099,15169237,9651069,1134316,26102351,16765181,8237759,1099413
2020-08-02,Conventional,1.01,49849472,13724125,9268800,804154,26052278,16792675,8136064,1123541
2020-08-09,Conventional,1.01,49948468,13513741,9764853,830359,25839423,16843685,8164954,830785
2020-08-16,Conventional,0.98,50813603,14074483,9665481,793921,26279532,16868012,8677564,733956
2020-08-23,Conventional,0.96,51973374,14803099,8762149,852991,27554964,17865771,8887593,801601
2020-08-30,Conventional,0.95,50629757,14004361,9228078,810539,26586635,16888981,9010326,687329
2020-09-06,Conventional,0.97,51000909,14687223,8956686,793983,26562813,17244013,8568614,750187
2020-09-13,Conventional,0.94,49198203,14171359,8366191,933951,25726323,17408244,7581719,736361
2020-09-20,Conventional,0.94,47745998,13176443,8352556,780048,25436829,16258772,8508787,669271
2020-09-27,Conventional,0.96,46413055,12606614,9042612,686913,24076919,14865026,8571500,640394
2020-10-04,Conventional,0.96,46148477,12440282,8437296,522110,24748791,14994668,9079498,674625
2020-10-11,Conventional,0.95,46520088,12937426,8425187,578076,24579401,15629761,8219558,730084
2020-10-18,Conventional,0.94,44682651,11872017,8134689,652678,24023269,15436914,7714796,871560
2020-10-25,Conventional,0.91,45104349,12168146,8181874,858412,23895919,15094674,7926044,875201
2020-11-01,Conventional,0.92,45163179,11833946,7967112,689010,24673112,15077200,8700049,895865
2021-01-11,Conventional,0.905623095,47540668,19717726,13821560,1601932,12399452,NA,NA,NA
2021-01-17,Conventional,0.911708898,49092327,20983607,13891597,2004005,12213119,NA,NA,NA
2021-01-24,Conventional,0.908693419,48336073,19484801,15165432,1822707,11863134,NA,NA,NA
2021-01-31,Conventional,0.918057846,49231054,21438436,14264884,1139275,12388460,NA,NA,NA
2021-02-07,Conventional,0.813186099,60346459,26410888,18105899,2208951,13620722,NA,NA,NA
2021-02-14,Conventional,0.895426177,47465204,19708325,13982484,1694674,12079723,NA,NA,NA
2021-02-21,Conventional,0.952354546,43127604,18335422,12667636,1076140,11048408,NA,NA,NA
2021-02-28,Conventional,0.886172823,49032765,21230552,14414409,1718033,11669772,NA,NA,NA
2021-03-07,Conventional,0.953540111,47093865,18949052,13643200,1476826,13024788,NA,NA,NA
2021-03-14,Conventional,0.97241496,46783413,19802962,13130322,1314239,12535891,NA,NA,NA
2021-03-21,Conventional,0.990004128,45504101,18174171,13774423,1654247,11901262,NA,NA,NA
2021-03-28,Conventional,1.050784908,45516826,17816510,13203436,1565182,12931699,NA,NA,NA
2021-04-04,Conventional,1.146692056,42844699,17500658,11550013,1466354,12327676,NA,NA,NA
2021-04-11,Conventional,1.135257059,42207726,18331638,10882959,1129632,11863499,NA,NA,NA
2021-04-18,Conventional,1.155045037,43526966,19072446,10876286,1216670,12361565,NA,NA,NA
2021-04-25,Conventional,1.150997831,43128786,19174950,10473688,1135042,12345107,NA,NA,NA
2021-05-02,Conventional,1.040136924,50293812,24096073,12617890,1207202,12372648,NA,NA,NA
2021-05-09,Conventional,1.110132479,46390889,20450568,12254943,1337125,12348254,NA,NA,NA
2021-05-16,Conventional,1.125588757,42739598,17842008,11620716,1336177,11940698,NA,NA,NA
2021-05-23,Conventional,1.111867715,43329270,17971382,12080603,1208351,12068937,NA,NA,NA
2021-05-30,Conventional,1.15263263,43862046,19000961,11582042,1247814,12031231,NA,NA,NA
2021-06-06,Conventional,1.121948397,43762591,18537430,11958837,1131849,12134477,NA,NA,NA
2021-06-13,Conventional,1.122242439,43304403,18071298,11612352,1250275,12370480,NA,NA,NA
2021-06-20,Conventional,1.131226702,43696049,17668730,13056453,1366983,11603883,NA,NA,NA
2021-06-27,Conventional,1.10584696,42504705,18195706,11776430,1384264,11148306,NA,NA,NA
2021-07-04,Conventional,1.106277117,44900701,18514976,12819463,1627162,11939101,NA,NA,NA
2021-07-11,Conventional,1.041122488,44418151,19105045,12031037,1387098,11894973,NA,NA,NA
2021-07-18,Conventional,1.031246674,44267757,17369382,12172723,1790074,12935579,NA,NA,NA
2021-07-25,Conventional,1.055529176,42167176,16760101,11953370,1658148,11795559,NA,NA,NA
2021-08-01,Conventional,1.084808056,40900448,16321142,11761725,1364759,11452823,NA,NA,NA
2021-08-08,Conventional,1.075865072,41213495,16675972,12042164,1376950,11118411,NA,NA,NA
2021-08-15,Conventional,1.087515919,40555746,15909127,12144088,1427713,11074819,NA,NA,NA
2021-08-22,Conventional,1.081316925,40045323,16364467,10996837,1138516,11545505,NA,NA,NA
2021-08-29,Conventional,1.079841649,40250741,16545799,11589166,1156555,10959224,NA,NA,NA
2021-09-05,Conventional,1.093032878,40547414,16704701,10549142,1069725,12223848,NA,NA,NA
2021-09-12,Conventional,1.144944624,37744434,16445969,9257844,1187754,10852869,NA,NA,NA
2021-09-19,Conventional,1.159895841,36953582,17109994,8204875,1037491,10601224,NA,NA,NA
2021-09-26,Conventional,1.164240627,37044008,17573483,7820222,973574,10676731,NA,NA,NA
2021-10-03,Conventional,1.156233008,37503466,18632241,7494836,1097497,10278894,NA,NA,NA
2021-10-10,Conventional,1.174655978,37545419,18174570,7596117,1134726,10640008,NA,NA,NA
2021-10-17,Conventional,1.147504808,37206701,17776093,7117737,1068987,11243885,NA,NA,NA
2021-10-24,Conventional,1.129399147,36975940,17881817,7786177,1085704,10222245,NA,NA,NA
2021-10-31,Conventional,1.110799268,37095733,17884910,7483785,993810,10733230,NA,NA,NA
2021-11-07,Conventional,1.088294433,38369372,17961145,8735144,910845,10762240,NA,NA,NA
2021-11-14,Conventional,1.120334555,37186465,16922827,8225080,938012,11100548,NA,NA,NA
2021-11-21,Conventional,1.160984184,34198812,16099479,7309445,964755,9825135,NA,NA,NA
2021-11-28,Conventional,1.153848989,31082608,15430052,6227857,835082,8589619,NA,NA,NA
2021-12-05,Conventional,1.070544416,38190147,19058781,8396068,1007547,9727753,NA,NA,NA
2021-12-12,Conventional,1.10041296,37186010,18214642,7699490,952303,10319577,NA,NA,NA
2021-12-19,Conventional,1.15750219,34296471,16264029,7154095,888303,9990046,NA,NA,NA
2021-12-26,Conventional,1.17199151,33617885,15799068,6851519,902709,10064590,NA,NA,NA
2022-01-02,Conventional,1.02039976,44371659,22411435,9877500,1574448,10508277,NA,NA,NA
2022-01-10,Conventional,1.128283376,42307852,20806484,9021980,1240165,11239225,NA,NA,NA
2022-01-16,Conventional,1.223383045,42172189,20938763,8258725,1117698,11857004,NA,NA,NA
2022-01-23,Conventional,1.246227871,39929187,19307472,8280963,1330303,11010450,NA,NA,NA
2022-01-30,Conventional,1.230801452,42589423,21120728,9006883,1330465,11131348,NA,NA,NA
2022-02-06,Conventional,1.247605212,42098794,21811967,7533196,1114719,11638914,NA,NA,NA
2022-02-13,Conventional,1.15225973,54840042,30392741,9972895,1728009,12746399,NA,NA,NA
2022-02-20,Conventional,1.223861231,43069702,23277598,7243926,1274728,11273451,NA,NA,NA
2022-02-27,Conventional,1.3004018,40511721,19743511,8145953,1089330,11532928,NA,NA,NA
2022-03-06,Conventional,1.349801541,37741844,19217108,6759176,974245,10791316,NA,NA,NA
2022-03-13,Conventional,1.359600689,38789288,20696909,6448625,1045299,10598456,NA,NA,NA
2022-03-20,Conventional,1.34575158,37612474,19792521,5934041,1129256,10756657,NA,NA,NA
2022-03-27,Conventional,1.376360384,38884368,20380939,6393579,1059287,11050565,NA,NA,NA
2022-04-03,Conventional,1.358072247,39780835,20899538,6709110,981906,11190283,NA,NA,NA
2022-04-10,Conventional,1.348293874,41480614,21343911,6953927,907028,12275749,NA,NA,NA
2022-04-17,Conventional,1.438111539,38444783,19387852,6642635,851216,11563081,NA,NA,NA
2022-04-24,Conventional,1.431261478,36545753,19002630,6139542,752099,10651484,NA,NA,NA
2022-05-01,Conventional,1.340661324,45249229,24800453,7517299,908407,12023071,NA,NA,NA
2022-05-08,Conventional,1.418107651,41827170,22633830,6720667,1187534,11285140,NA,NA,NA
2022-05-15,Conventional,1.509555333,36518137,19779894,5530057,963941,10244247,NA,NA,NA
2022-05-22,Conventional,1.54079325,35674051,19202504,5632158,694217,10145174,NA,NA,NA
2022-05-29,Conventional,1.542102996,36469777,20373525,5876003,596125,9624125,NA,NA,NA
2022-06-05,Conventional,1.48051536,38573929,20959887,7068980,547381,9997682,NA,NA,NA
2022-06-12,Conventional,1.462536188,37638613,20571583,6189564,687474,10189994,NA,NA,NA
2022-06-19,Conventional,1.466990613,37450283,19537628,7085080,869371,9958205,NA,NA,NA
2022-06-26,Conventional,1.47618483,35562857,18564146,6534941,1087010,9376761,NA,NA,NA
2022-07-03,Conventional,1.465246235,36727388,18156607,7560398,1426663,9583721,NA,NA,NA
2022-07-10,Conventional,1.425169633,36856081,18424234,6991076,1421630,10019142,NA,NA,NA
2022-07-17,Conventional,1.37455182,38738536,18520127,7987840,2032074,10198495,NA,NA,NA
2022-07-24,Conventional,1.362678675,37607550,18247641,6898853,1953381,10507677,NA,NA,NA
2022-07-31,Conventional,1.327748416,37776376,17729984,7947090,1679182,10420121,NA,NA,NA
2022-08-07,Conventional,1.30187616,37822446,17765737,7268906,1704350,11083455,NA,NA,NA
2022-08-14,Conventional,1.241710046,38631514,17502297,7708868,2115838,11304512,NA,NA,NA
2022-08-21,Conventional,1.241480901,37166437,16950701,8175505,2058873,9981359,NA,NA,NA
2022-08-28,Conventional,1.210470166,37884258,18628508,7631747,1624965,9999039,NA,NA,NA
2022-09-04,Conventional,1.180044111,40194487,19024812,8396892,2801180,9971604,NA,NA,NA
2022-09-11,Conventional,1.181112357,37832979,17373415,8158140,2530028,9771397,NA,NA,NA
2022-09-18,Conventional,1.105123545,39359660,20443885,7891510,1597024,9427242,NA,NA,NA
2022-09-25,Conventional,1.099588565,37744797,17738916,8802909,1735044,9467929,NA,NA,NA
2022-10-02,Conventional,1.111697573,35582959,16397235,7846703,1792076,9546946,NA,NA,NA
2022-10-09,Conventional,1.114724205,37772504,17925802,8691726,1703491,9451487,NA,NA,NA
2022-10-16,Conventional,1.073541599,36576197,16934510,7487743,1254679,10899265,NA,NA,NA
2022-10-23,Conventional,1.059045942,39468930,18314815,9239676,1682382,10232058,NA,NA,NA
2022-10-30,Conventional,1.041283725,38262005,17216827,8916383,1590098,10538698,NA,NA,NA
2022-11-06,Conventional,1.016626445,40541614,18749444,9073943,1305399,11412830,NA,NA,NA
2022-11-13,Conventional,1.025719744,38848171,17414635,9622141,906621,10904775,NA,NA,NA
2022-11-20,Conventional,1.060307678,34706185,15619657,7594318,1016586,10475624,NA,NA,NA
2022-11-27,Conventional,1.058220557,31923153,14728440,7255189,888321,9051205,NA,NA,NA
2022-12-04,Conventional,1.026653164,38604873,17656010,10154655,914302,9879908,NA,NA,NA
2022-12-11,Conventional,0.987125239,38758874,18575916,8985626,1344149,9853184,NA,NA,NA
2022-12-18,Conventional,0.994066543,36758553,16411410,9508015,1007679,9831452,NA,NA,NA
2022-12-25,Conventional,1.037269881,35482988,15358728,8592621,1089524,10442117,NA,NA,NA
2023-01-01,Conventional,0.941007258,41686224,19224820,10966435,1790500,9704470,NA,NA,NA
2023-01-09,Conventional,0.97958966,43253558,20195487,10151275,1340833,11565964,NA,NA,NA
2023-01-15,Conventional,0.997049874,44242458,20497478,10086513,1647000,12011469,NA,NA,NA
2023-01-22,Conventional,0.98875437,44266057,21302800,9391917,1353003,12218338,NA,NA,NA
2023-01-29,Conventional,0.958729753,45740576,22811385,9639769,1344995,11944429,NA,NA,NA
2023-02-05,Conventional,0.955746236,46522948,23419513,9433183,1638475,12031777,NA,NA,NA
2023-02-12,Conventional,0.925184016,55094740,25291351,14096508,2687610,13019273,NA,NA,NA
2023-02-19,Conventional,0.96215211,44520252,20678861,10420965,1444389,11976039,NA,NA,NA
2023-02-26,Conventional,0.963261564,43835020,19300149,9663220,1511434,13360219,NA,NA,NA
2023-03-05,Conventional,0.958596878,45866861,20561578,9227821,1198474,14878989,NA,NA,NA
2023-03-12,Conventional,0.963673273,45801638,20435726,10360192,1853737,13151984,NA,NA,NA
2023-03-19,Conventional,0.93256177,46471165,20823359,9928554,1672525,14046729,NA,NA,NA
2023-03-26,Conventional,0.903664554,47594982,22430389,10372757,1264209,13527629,NA,NA,NA
2023-04-02,Conventional,0.961007683,46185114,20529501,10808463,1856033,12991119,NA,NA,NA
2023-04-09,Conventional,0.992203008,45099003,20075496,10445848,1745781,12831879,NA,NA,NA
2023-04-16,Conventional,0.987378427,45173805,21577385,10046086,1306251,12244085,NA,NA,NA
2023-04-23,Conventional,0.991527505,46470172,21176766,10664185,1957650,12671573,NA,NA,NA
2023-04-30,Conventional,1.029921604,46202012,20460958,11256254,1429515,13055286,NA,NA,NA
2023-05-07,Conventional,0.911794505,55002696,24838743,14297781,2507544,13358629,NA,NA,NA
2023-05-14,Conventional,0.99032116,45907795,20514871,10832484,1587310,12973131,NA,NA,NA
2023-05-21,Conventional,1.006261307,46224535,21158516,11180728,1656819,12228474,NA,NA,NA
2023-05-28,Conventional,1.034163924,44993950,20704576,10374340,1611442,12303593,NA,NA,NA
2023-06-04,Conventional,1.00494785,47265163,23024529,10277438,1795172,12168026,NA,NA,NA
2023-06-11,Conventional,1.008801051,44921038,20168502,10185807,2146162,12420569,NA,NA,NA
2023-06-18,Conventional,1.017045264,44434678,19741746,10889316,1701328,12102289,NA,NA,NA
2023-06-25,Conventional,1.044630349,42543630,19567891,9221897,1782594,11971249,NA,NA,NA
2023-07-02,Conventional,1.081220714,43490978,19315496,10610538,2226426,11338519,NA,NA,NA
2023-07-09,Conventional,1.088747897,43563163,20500424,9354835,1718072,11989833,NA,NA,NA
2023-07-16,Conventional,1.156190924,41326647,17672677,11432233,1350028,10871710,NA,NA,NA
2023-07-23,Conventional,1.195699776,38584357,17047961,9583074,1361754,10591570,NA,NA,NA
2023-07-30,Conventional,1.19407497,39071787,18175508,8844256,1455764,10596260,NA,NA,NA
2023-08-06,Conventional,1.213371332,37871218,17861661,7816303,1110768,11082488,NA,NA,NA
2023-08-13,Conventional,1.108754358,41180905,19330378,8166388,1382153,12301988,NA,NA,NA
2023-08-20,Conventional,1.100755325,41669515,19314180,7463440,1620040,13271857,NA,NA,NA
2023-08-27,Conventional,1.082475387,40375758,20038389,6847989,1128548,12360833,NA,NA,NA
2023-09-03,Conventional,1.113093682,39962737,20191925,6607665,1272692,11890457,NA,NA,NA
2023-09-10,Conventional,1.093094114,40866793,20699165,7189498,1367479,11610653,NA,NA,NA
2023-09-17,Conventional,1.082397305,39339170,20600719,6454608,1063509,11220337,NA,NA,NA
2023-09-24,Conventional,1.024347812,39550189,21495872,6167920,851488,11034910,NA,NA,NA
2023-10-01,Conventional,1.00337981,40009560,20741304,5725554,796824,12745880,NA,NA,NA
2023-10-08,Conventional,1.075856463,39365293,20328957,6345912,913709,11776716,NA,NA,NA
2023-10-15,Conventional,1.050957415,38846933,19570255,5838445,831417,12606818,NA,NA,NA
2023-10-22,Conventional,1.041567621,39444162,20763520,6241780,717075,11721789,NA,NA,NA
2023-10-29,Conventional,1.050101686,38161027,20199861,6045912,736674,11178581,NA,NA,NA
2023-11-05,Conventional,1.034331115,39140645,21477131,5584890,792450,11286175,NA,NA,NA
2023-11-12,Conventional,1.039995953,38888894,19832919,6758236,723286,11574456,NA,NA,NA
2023-11-19,Conventional,1.07727875,35140621,17718855,5854613,638986,10928169,NA,NA,NA
2023-11-26,Conventional,1.055400308,31702931,16528226,5099590,593527,9481589,NA,NA,NA
2023-12-03,Conventional,0.983274524,39977225,20418941,7545840,561170,11451275,NA,NA,NA
2023-12-10,Conventional,1.003572496,39410827,20588339,6615466,661753,11545271,NA,NA,NA
2023-12-17,Conventional,0.971149282,39211519,19160350,8585637,595475,10870059,NA,NA,NA
2023-12-24,Conventional,1.013151415,37947364,18558388,7614922,642595,11131461,NA,NA,NA
2023-12-31,Conventional,0.934431491,42127148,22583286,8950810,616166,9976887,NA,NA,NA
2024-01-08,Conventional,0.985467217,44769252,22846680,8180931,636052,13105590,NA,NA,NA
2024-01-14,Conventional,0.974408421,48384035,24882018,9202339,729991,13569688,NA,NA,NA
2024-01-21,Conventional,0.999471167,44225642,22703803,7962330,682224,12877285,NA,NA,NA
2024-01-28,Conventional,0.970489161,47220896,24034967,8864748,759751,13561431,NA,NA,NA
2024-02-04,Conventional,0.98119522,48357165,25549160,8286027,897451,13624530,NA,NA,NA
2024-02-11,Conventional,0.917194361,58320596,31135970,11963155,918467,14303005,NA,NA,NA
2024-02-18,Conventional,0.980659787,45836076,23454747,8192197,648877,13540257,NA,NA,NA
2024-02-25,Conventional,1.020125314,46400680,23596508,7535267,798841,14470066,NA,NA,NA
2024-03-03,Conventional,1.006951,47852196,24280596,7714667,893289,14963645,NA,NA,NA
2024-03-10,Conventional,1.012923,48516327,24169177,8393305,860221,15093625,NA,NA,NA
2024-03-17,Conventional,1.016265,47989423,23964779,8330398,774089,14920158,NA,NA,NA
2024-03-24,Conventional,1.037959,46853492,23559582,8790544,719798,13783569,NA,NA,NA
2024-03-31,Conventional,1.10277,44575366,23421987,6844366,807812,13501203,NA,NA,NA
2024-04-07,Conventional,1.06488,47342019,23769634,7269566,856567,15446253,NA,NA,NA
2024-04-14,Conventional,1.1244,47370307,22720690,9210183,1195306,14244130,NA,NA,NA
2024-04-21,Conventional,1.1453,47610875,22632713,9937172,881340,14159651,NA,NA,NA
2024-04-28,Conventional,1.17455,45795452,22617118,8318328,755729,14104279,NA,NA,NA
2024-05-05,Conventional,1.09745,55507032,28010293,12065683,1139452,14291605,NA,NA,NA
2024-05-12,Conventional,1.21246,46804541,22069625,9979637,1052917,13702363,NA,NA,NA
2024-05-19,Conventional,1.22641,44071798,21444098,8336197,896020,13395484,NA,NA,NA
2024-05-26,Conventional,1.250643494,43504505,21446334,7927016,913354,13217802,NA,NA,NA
2024-06-02,Conventional,1.222586365,43245996,22340279,7198566,776601,12930552,NA,NA,NA
2024-06-09,Conventional,1.254020027,43411991,21412868,7922751,905277,13171096,NA,NA,NA
2024-06-16,Conventional,1.255792106,43319500,21370892,8234555,944278,12769776,NA,NA,NA
2024-06-23,Conventional,1.223599322,42959318,22194618,7133083,970676,12660942,NA,NA,NA
2024-06-30,Conventional,1.263641233,41908144,21876926,7479550,936758,11614911,NA,NA,NA
2024-07-07,Conventional,1.277485633,44118844,23437155,8049566,816395,11815730,NA,NA,NA
2024-07-14,Conventional,1.262287826,42365553,20785520,7974057,867785,12738192,NA,NA,NA
2024-07-21,Conventional,1.223821483,42087337,21010951,7287291,961095,12828002,NA,NA,NA
2024-07-28,Conventional,1.185859517,42789085,21076494,7445937,947512,13319144,NA,NA,NA
2024-08-04,Conventional,1.194016324,42622598,20963367,7526116,908698,13224417,NA,NA,NA
2024-08-11,Conventional,1.207054188,42154372,21108518,6601579,992379,13451898,NA,NA,NA
2024-08-18,Conventional,1.223197566,42196398,20927026,7208001,916715,13144658,NA,NA,NA
2024-08-25,Conventional,1.277729328,41511478,21236637,7362564,713625,12198654,NA,NA,NA
2024-09-01,Conventional,1.283180298,40683403,21930160,6210220,724138,11818887,NA,NA,NA
2024-09-08,Conventional,1.30112269,40379708,21143905,6049803,710386,12475616,NA,NA,NA
2024-09-15,Conventional,1.240572247,42456109,22777357,5896824,642537,13139393,NA,NA,NA
2024-09-22,Conventional,1.20971184,42829139,23217323,6196814,604615,12810388,NA,NA,NA
2024-09-29,Conventional,1.21815249,42887011,21811834,6597197,729420,13748562,NA,NA,NA
2024-10-06,Conventional,1.238857006,44555529,23142275,7584873,729877,13098506,NA,NA,NA
2024-10-13,Conventional,1.193942885,42962391,22415403,6876879,772056,12898054,NA,NA,NA
2024-10-20,Conventional,1.188519318,42378212,22320849,6810848,714575,12531941,NA,NA,NA
2024-10-27,Conventional,1.163361066,41880337,22117882,6070084,589475,13102897,NA,NA,NA
2024-11-03,Conventional,1.16093264,42437344,22567736,6492014,535270,12842326,NA,NA,NA
2024-11-10,Conventional,1.158577359,43242793,23255485,6107310,536995,13343004,NA,NA,NA
2024-11-17,Conventional,1.134202758,42767062,23597797,5965776,493551,12709940,NA,NA,NA
2024-11-24,Conventional,1.155322295,39176939,21047792,5096337,496932,12535878,NA,NA,NA
2024-12-01,Conventional,1.176875543,33891405,18217211,4553932,499873,10620391,NA,NA,NA
2024-12-08,Conventional,1.108101756,43081307,23811860,6107130,627471,12534846,NA,NA,NA
2024-12-15,Conventional,1.13314041,40340621,22064577,5144088,596722,12535236,NA,NA,NA
2024-12-22,Conventional,1.170575352,39234936,21084900,5284293,578522,12287223,NA,NA,NA
2024-12-29,Conventional,1.12320584,39178252,21718452,5769068,527618,11163116,NA,NA,NA
2017-01-02,Organic,1.48,808972,99821,273330,4426,431396,273456,157940,0
2017-01-08,Organic,1.43,990722,117722,283533,8698,580770,379089,201682,0
2017-01-15,Organic,1.44,975725,121133,280288,8751,565554,400293,165262,0
2017-01-22,Organic,1.37,994283,115701,281787,6708,590089,401806,188283,0
2017-01-29,Organic,1.43,953207,131809,292585,3525,525289,346392,178897,0
2017-02-05,Organic,1.36,1015622,136101,314012,2239,563271,342706,220566,0
2017-02-12,Organic,1.41,1060776,136637,297765,3487,622890,410669,212221,0
2017-02-19,Organic,1.31,1634878,250592,632102,3296,748890,433927,314963,0
2017-02-26,Organic,1.21,1436664,150449,368527,3748,913942,505041,408901,0
2017-03-05,Organic,1.16,1619399,184007,374221,2543,1058629,497099,561531,0
2017-03-12,Organic,1.38,1337597,152897,330082,3189,851431,491036,360395,0
2017-03-19,Organic,1.5,1284019,172197,411360,3305,697159,486102,211058,0
2017-03-26,Organic,1.29,1581128,160492,355542,3889,1061207,586140,475067,0
2017-04-02,Organic,1.42,1492168,183102,430842,3768,874456,557297,317159,0
2017-04-09,Organic,1.43,1387437,148804,362153,8973,867509,512722,354788,0
2017-04-16,Organic,1.49,1493332,176685,437948,5097,873604,576539,297065,0
2017-04-23,Organic,1.61,1190462,152605,347558,3246,687055,460391,226664,0
2017-04-30,Organic,1.68,1248176,199040,421710,5188,622239,400530,221709,0
2017-05-07,Organic,1.57,1394127,172723,386289,4162,830954,489456,341498,0
2017-05-14,Organic,1.55,1375126,164698,339921,4619,865889,566863,299026,0
2017-05-21,Organic,1.71,1210561,166986,351499,4323,687754,436226,251529,0
2017-05-28,Organic,1.69,1302206,163385,357432,3196,778195,497849,280347,0
2017-06-04,Organic,1.64,1352961,165666,387058,2866,797371,525281,272091,0
2017-06-11,Organic,1.56,1397449,160842,339778,3624,893206,468157,425050,0
2017-06-18,Organic,1.71,1304555,169435,442595,2141,690386,435151,255236,0
2017-06-25,Organic,1.77,1101010,123318,341074,2614,634006,411978,222028,0
2017-07-02,Organic,1.74,1173394,128157,360891,3394,680953,459882,221072,0
2017-07-09,Organic,1.71,1130375,109024,333459,3425,684469,485920,198549,0
2017-07-16,Organic,1.78,1148355,94268,311433,4767,733950,596198,137752,0
2017-07-23,Organic,1.76,1214159,113468,317185,3701,779487,624772,154713,3
2017-07-30,Organic,1.78,1091591,100333,270535,2136,718296,594393,123904,0
2017-08-06,Organic,1.83,1059972,112593,236016,1553,709620,598480,111140,0
2017-08-13,Organic,1.88,1014710,98008,230107,1415,684999,612545,72450,5
2017-08-20,Organic,1.96,1071539,108659,262748,1155,698735,608823,89905,9
2017-08-27,Organic,2.09,1045993,112813,250862,2120,680089,588833,91250,6
2017-09-03,Organic,2.06,1075539,113516,256921,2257,702629,571726,130802,102
2017-09-10,Organic,2.03,1093956,114943,249232,941,728659,622446,106081,133
2017-09-17,Organic,1.55,3432,31,216,0,3186,3186,0,0
2017-09-24,Organic,1.42,3628,57,96,0,3476,3476,0,0
2017-10-01,Organic,1.59,3424,32,151,0,3243,3243,0,0
2017-10-08,Organic,1.4,5230,24,342,0,4865,4865,0,0
2017-10-15,Organic,1.85,1172058,103558,218882,1370,848041,771106,76928,8
2017-10-22,Organic,1.82,1180824,89302,229690,1310,860337,767149,93131,58
2017-10-29,Organic,1.84,1123704,88669,218859,1151,814724,718162,96482,81
2017-11-05,Organic,1.82,1068531,88074,244926,1060,733973,648558,85379,36
2017-11-12,Organic,1.81,1044592,93313,217613,1075,732280,643084,89181,17
2017-11-19,Organic,1.77,967887,88111,213231,835,665230,587078,77964,190
2017-11-26,Organic,1.72,957801,77760,204613,979,673888,574548,99075,266
2017-12-03,Organic,1.62,1119325,99318,269451,1109,749122,592525,156439,159
2017-12-10,Organic,1.54,1217681,94280,258004,1004,863844,647240,216360,245
2017-12-17,Organic,1.57,1148618,94906,248499,983,803683,673203,130361,119
2017-12-24,Organic,1.64,1179931,103200,247167,1144,828218,700332,127747,139
2018-01-01,Organic,1.52,1243941,120546,248124,1280,873875,723305,150461,110
2018-01-07,Organic,1.51,1517333,129542,296491,1290,1089862,915453,174382,27
2018-01-14,Organic,1.59,1476652,145681,323670,1581,1005594,858773,146809,13
2018-01-21,Organic,1.63,1283988,108706,259173,1491,914410,710655,203527,229
2018-01-28,Organic,1.61,1336980,118617,280081,1271,936860,796105,140653,103
2018-02-04,Organic,1.53,1384684,117923,287725,1704,977085,774696,201879,511
2018-02-11,Organic,1.56,1317001,98466,270799,1840,945639,768243,177144,252
2018-02-18,Organic,1.52,1814930,246516,680038,1906,886242,783018,103185,40
2018-02-25,Organic,1.57,1459853,122913,340375,1064,994472,765057,229159,257
2018-03-04,Organic,1.52,1634431,142346,390130,1226,1099872,831886,267819,168
2018-03-11,Organic,1.52,1664235,129170,408764,1402,1124622,944573,180049,0
2018-03-18,Organic,1.54,1675805,170802,444950,1046,1058652,837352,221130,171
2018-03-25,Organic,1.55,1559968,121008,342854,1071,1093862,902775,190942,145
2018-04-01,Organic,1.55,1634206,142019,385227,1520,1104467,943424,161038,7
2018-04-08,Organic,1.55,1565216,133438,331038,1688,1098383,945844,152539,0
2018-04-15,Organic,1.51,1684003,133730,343302,1630,1205017,991438,213458,123
2018-04-22,Organic,1.5,1762658,172009,414973,1100,1174509,910247,264138,125
2018-04-29,Organic,1.55,1682803,153752,352294,1821,1174782,879279,295504,0
2018-05-06,Organic,1.55,1553506,140896,311886,1343,1099217,862136,237043,38
2018-05-13,Organic,1.53,1628314,155887,358983,1958,1111091,873502,237528,62
2018-05-20,Organic,1.51,1673878,136749,339513,2333,1182750,958820,223893,38
2018-05-27,Organic,1.42,2109542,181150,348180,2398,1373724,1054812,318780,133
2018-06-03,Organic,1.45,2114577,209632,394165,2383,1311046,1007877,302991,179
2018-06-10,Organic,1.52,1739841,148183,286903,2236,1182639,943014,239620,7
2018-06-17,Organic,1.41,2009888,200045,366669,2195,1159168,932510,226434,225
2018-06-24,Organic,1.5,1633963,163842,289771,2324,1071576,882716,188247,614
2018-07-01,Organic,1.56,1577023,151295,317194,2515,1100185,850169,249776,242
2018-07-08,Organic,1.57,1589878,153519,341814,1116,1092705,805226,287409,71
2018-07-15,Organic,1.58,1568945,155019,349924,1278,1062514,850385,212102,28
2018-07-22,Organic,1.57,1512028,107256,300675,2225,1101683,871092,230585,7
2018-07-29,Organic,1.59,1450808,119852,323669,2167,1004975,758764,246157,55
2018-08-05,Organic,1.55,1537042,118783,302663,2122,1113400,877548,235832,20
2018-08-12,Organic,1.64,1387187,143015,300617,2029,941459,728208,213200,52
2018-08-19,Organic,1.64,1401565,152940,297707,1746,948993,759919,189014,61
2018-08-26,Organic,1.65,1444799,166582,311653,1249,965141,830396,134549,197
2018-09-02,Organic,1.71,1556511,184938,304182,1243,1066109,852156,213469,485
2018-09-09,Organic,1.7,1517214,161145,278783,1962,1075194,894932,180221,42
2018-09-16,Organic,1.7,1449051,149480,268280,1518,1029632,856570,173054,10
2018-09-23,Organic,1.68,1439916,138271,268165,963,1032428,837569,194684,177
2018-09-30,Organic,1.67,1519327,127828,253468,773,1137181,911879,225187,117
2018-10-07,Organic,1.63,1561632,121601,269683,862,1169440,947583,221833,25
2018-10-14,Organic,1.57,1540283,123312,232506,644,1183774,980782,202966,27
2018-10-21,Organic,1.52,1498751,113380,230648,624,1154061,956895,197109,57
2018-10-28,Organic,1.5,1491233,120535,246730,512,1123405,920743,202602,61
2018-11-04,Organic,1.5,1436244,133540,257420,540,1044633,877017,167589,28
2018-11-11,Organic,1.49,1534805,147087,251478,560,1135600,986754,148801,45
2018-11-18,Organic,1.54,1652277,212735,323988,626,1114929,957529,157393,8
2018-11-25,Organic,1.66,1160388,140818,232898,450,786165,612005,174133,28
2018-12-02,Organic,1.58,1242755,118443,230168,749,893382,698558,194825,0
2019-01-07,Organic,1.47,1706137,144294,286238,4850,1270753,1039379,231336,38
2019-01-13,Organic,1.48,1618207,143352,251982,4047,1218815,1062865,155906,44
2019-01-20,Organic,1.52,1647039,148019,255799,7281,1235929,963875,272002,52
2019-01-27,Organic,1.46,1678524,216492,310079,4357,1147576,965652,181889,37
2019-02-03,Organic,1.37,1586421,153986,253362,3675,1175380,942915,232461,5
2019-02-10,Organic,1.37,1686621,202718,273432,4412,1206038,1017144,188894,0
2019-02-17,Organic,1.45,1410403,138611,232463,3434,1035770,909908,125819,43
2019-02-24,Organic,1.45,1601042,137641,290984,4625,1167472,951858,215544,71
2019-03-03,Organic,1.42,1799343,167283,334638,3768,1293522,1102950,190565,8
2019-03-10,Organic,1.41,1657269,126516,265708,3864,1261111,1077390,183715,6
2019-03-17,Organic,1.41,1672147,189564,347780,3367,1131335,960591,170577,168
2019-03-24,Organic,1.38,1635693,154394,291310,26889,1163045,919388,243641,17
2019-03-31,Organic,1.44,1529587,157662,294574,3064,1074187,817536,256648,5
2019-04-07,Organic,1.47,1547625,183525,281683,3498,1078540,873258,205261,21
2019-04-14,Organic,1.41,1855514,310298,410933,5814,1128178,857444,270719,15
2019-04-21,Organic,1.7,1429846,157818,317962,4694,949315,691029,258273,14
2019-04-28,Organic,1.88,1274893,139549,256527,6060,872725,639093,233604,30
2019-05-05,Organic,1.84,1318929,132698,259220,5306,921605,625593,296012,2
2019-05-12,Organic,1.73,1397669,118655,238670,5497,1034823,759615,275197,12
2019-05-19,Organic,1.77,1268230,116661,230158,4770,916566,756912,159638,18
2019-05-26,Organic,1.76,1467565,124636,246676,4533,1091368,853478,237728,162
2019-06-02,Organic,1.59,1582370,135883,248082,4351,1193875,924951,268352,573
2019-06-09,Organic,1.63,1479449,117689,232233,5415,1123906,858292,265538,77
2019-06-16,Organic,1.76,1376955,122832,226799,7863,1019281,798124,221092,66
2019-06-23,Organic,1.85,1282943,113820,230985,4704,933300,751193,181913,195
2019-06-30,Organic,1.84,1483275,107422,239834,5670,1130350,898055,232231,66
2019-07-07,Organic,1.95,1392881,106702,257573,3347,1025249,791813,233402,36
2019-07-14,Organic,1.99,1236970,106371,209821,5607,915083,667495,247563,26
2019-07-21,Organic,2.04,1184822,112646,193025,4679,874435,628288,245845,302
2019-07-28,Organic,2.05,1141797,120672,188896,5161,826972,606152,219882,940
2019-08-04,Organic,2.02,1248138,117644,190285,4950,935182,698541,236616,26
2019-08-11,Organic,1.97,1265434,114876,186667,5450,958405,740328,218064,14
2019-08-18,Organic,1.75,1478872,120020,170613,3137,1185103,970952,214145,6
2019-08-25,Organic,1.78,1390416,123374,160799,4142,1102034,945645,156389,0
2019-09-01,Organic,1.8,1315174,120526,169116,4325,1021190,913927,107261,3
2019-09-08,Organic,1.71,1450423,121055,168554,4730,1156050,1008975,147076,0
2019-09-15,Organic,1.61,1532414,119770,152717,4100,1255803,1121535,134247,21
2019-09-22,Organic,1.61,1602098,124186,154270,4218,1319400,1149202,170198,0
2019-09-29,Organic,1.63,1563605,114327,135043,3686,1310530,1118238,192292,0
2019-10-06,Organic,1.55,1558937,105262,157261,3702,1292642,1090793,201766,84
2019-10-13,Organic,1.52,1509203,87748,157543,3192,1260596,1085398,175137,62
2019-10-20,Organic,1.47,1453262,80887,140955,4177,1227186,1109730,117446,11
2019-10-27,Organic,1.33,1736176,85561,142066,3425,1505099,1357032,148006,62
2019-11-03,Organic,1.38,1626559,94249,135343,3895,1392970,1230732,162212,26
2019-11-10,Organic,1.57,1398365,99982,119282,3709,1175290,1006620,168582,89
2019-11-17,Organic,1.53,1411353,142289,155911,2867,1110210,952201,157997,12
2019-11-24,Organic,1.57,1203764,85254,119582,4388,994385,873583,120796,6
2019-12-01,Organic,1.51,1218328,90688,117456,2399,1007748,859813,147866,70
2019-12-08,Organic,1.48,1254783,82719,120226,3954,1047871,913815,133932,125
2019-12-15,Organic,1.58,1167415,81293,116025,2404,967660,850342,117278,41
2019-12-22,Organic,1.58,1355283,135275,152257,3612,1064092,913535,150556,2
2019-12-29,Organic,1.41,1484974,103712,139443,2319,1239437,1021451,217849,138
2020-01-06,Organic,1.4,1661848,111736,180466,3007,1366605,1060726,305797,84
2020-01-12,Organic,1.41,1960947,152182,164252,4715,1639771,1282534,357169,69
2020-01-19,Organic,1.35,2058103,211749,184268,4168,1657864,1298599,359201,66
2020-01-26,Organic,1.44,1701010,108819,166077,4203,1421898,1190894,230945,60
2020-02-02,Organic,1.39,1880071,102257,164463,4847,1608495,1196782,411512,202
2020-02-09,Organic,1.43,1707022,92589,138335,5032,1471035,1122902,347951,182
2020-02-16,Organic,1.44,1732032,87184,127567,4815,1512341,1216660,295665,17
2020-02-23,Organic,1.41,1871905,105004,150838,6790,1609226,1298136,311013,78
2020-03-01,Organic,1.54,1982157,166118,235289,6604,1574058,1263532,310426,101
2020-03-08,Organic,1.56,1785039,102733,163757,4945,1513509,1224312,289153,46
2020-03-15,Organic,1.66,2278474,118432,186209,6454,1967300,1521408,445841,53
2020-03-22,Organic,1.59,1883053,113679,156135,5410,1607682,1308781,298855,48
2020-03-29,Organic,1.59,1904235,108628,160025,5931,1629642,1033148,596158,337
2020-04-05,Organic,1.6,2239686,151731,176577,8166,1903190,1198168,704930,94
2020-04-12,Organic,1.61,2191133,181768,167493,4619,1837247,1066197,770184,867
2020-04-19,Organic,1.58,2182477,178160,180707,7019,1816593,1034501,782013,80
2020-04-26,Organic,1.58,2135665,135549,200030,6809,1793277,1019488,773782,6
2020-05-03,Organic,1.56,2157708,141181,217577,5659,1793276,1064429,728577,270
2020-05-10,Organic,1.56,2388687,167266,223077,4442,1993895,1087768,906107,20
2020-05-17,Organic,1.58,2271254,150100,198457,5429,1917250,1121691,795559,0
2020-05-24,Organic,1.59,2345443,144844,178455,5449,2016671,1197701,818967,3
2020-05-31,Organic,1.59,2182589,136497,179966,4366,1861760,1077348,784411,1
2020-06-07,Organic,1.59,2268714,139122,179556,7020,1943011,1114499,828512,0
2020-06-14,Organic,1.59,2192761,108037,184227,7759,1892718,1099094,793622,2
2020-06-21,Organic,1.59,2240039,123965,173128,6588,1936333,1122847,813483,3
2020-06-28,Organic,1.59,2083766,143549,154746,7786,1777682,1069613,708062,8
2020-07-05,Organic,1.63,2239484,147333,159244,7126,1925782,1122657,800244,2882
2020-07-12,Organic,1.64,2071490,137271,160187,6507,1767513,1032776,733651,1086
2020-07-19,Organic,1.61,2132596,143636,164060,6888,1818013,1006363,811551,99
2020-07-26,Organic,1.5,2248000,180847,159212,6155,1901763,1117193,784535,36
2020-08-02,Organic,1.56,2068805,145110,142626,3549,1777519,1060300,717214,6
2020-08-09,Organic,1.58,1917566,97757,144168,3305,1672338,1029952,642384,3
2020-08-16,Organic,1.61,1920106,104398,151803,2139,1661769,1015704,646024,43
2020-08-23,Organic,1.58,1846984,110283,147995,3422,1585285,946130,638999,157
2020-08-30,Organic,1.58,1765162,111986,149213,2801,1501165,873980,626939,246
2020-09-06,Organic,1.62,1754058,105107,144138,4187,1500628,848428,652191,9
2020-09-13,Organic,1.58,1906430,99766,139956,4772,1661913,932035,729831,49
2020-09-20,Organic,1.53,1872996,118872,146226,4848,1603051,995643,607401,8
2020-09-27,Organic,1.56,1754477,83002,137605,4872,1529000,974752,554234,15
2020-10-04,Organic,1.54,1817222,89700,130536,4685,1592303,1006255,585962,87
2020-10-11,Organic,1.49,1878357,80311,124591,5142,1668301,1075623,572738,19940
2020-10-18,Organic,1.45,1877854,78511,116417,2412,1680493,1082327,574407,23760
2020-10-25,Organic,1.45,1922633,101045,125266,3437,1692884,1109052,572541,11291
2020-11-01,Organic,1.38,2226405,82128,381570,4063,1758621,1122840,622577,13204
2021-01-11,Organic,1.321498743,2682227,356202,403593,75764,1846670,NA,NA,NA
2021-01-17,Organic,1.395005927,2442751,339820,449132,15628,1638173,NA,NA,NA
2021-01-24,Organic,1.338469808,2517118,328181,465076,4424,1719438,NA,NA,NA
2021-01-31,Organic,1.369770177,2422679,313955,445917,3301,1659507,NA,NA,NA
2021-02-07,Organic,1.330574373,2518004,377095,507877,4092,1628941,NA,NA,NA
2021-02-14,Organic,1.356020693,2420561,347985,491594,5075,1575908,NA,NA,NA
2021-02-21,Organic,1.331137563,2454359,328565,440857,55621,1629317,NA,NA,NA
2021-02-28,Organic,1.333101862,2595968,300280,609828,13483,1672380,NA,NA,NA
2021-03-07,Organic,1.341969153,2591891,338814,487597,4454,1761027,NA,NA,NA
2021-03-14,Organic,1.396657642,2381525,293081,382419,3740,1702287,NA,NA,NA
2021-03-21,Organic,1.418748562,2373416,258065,452368,3428,1659556,NA,NA,NA
2021-03-28,Organic,1.449535193,2280851,231197,382173,4661,1662822,NA,NA,NA
2021-04-04,Organic,1.516219077,2339801,281431,368484,3144,1686744,NA,NA,NA
2021-04-11,Organic,1.532683513,2415948,310555,350986,4054,1750355,NA,NA,NA
2021-04-18,Organic,1.544744405,2512072,314359,355980,1568,1840166,NA,NA,NA
2021-04-25,Organic,1.563484698,2554350,351233,368884,796,1833439,NA,NA,NA
2021-05-02,Organic,1.501159185,2725201,598906,409871,321,1716104,NA,NA,NA
2021-05-09,Organic,1.512480287,2700352,543337,403666,412,1752938,NA,NA,NA
2021-05-16,Organic,1.53668032,2423262,336876,379524,349,1706514,NA,NA,NA
2021-05-23,Organic,1.472661045,2563184,289518,362663,259,1910745,NA,NA,NA
2021-05-30,Organic,1.531514475,2401580,277629,365076,257,1758619,NA,NA,NA
2021-06-06,Organic,1.56214177,2379586,274344,357405,281,1747557,NA,NA,NA
2021-06-13,Organic,1.546824425,2397683,341964,332570,249,1722902,NA,NA,NA
2021-06-20,Organic,1.574694991,2336120,345059,325176,279,1665607,NA,NA,NA
2021-06-27,Organic,1.620040979,2206573,302716,324432,366,1579060,NA,NA,NA
2021-07-04,Organic,1.630844666,2272184,317911,343547,330,1610397,NA,NA,NA
2021-07-11,Organic,1.629941962,2067600,283822,297103,839,1485837,NA,NA,NA
2021-07-18,Organic,1.614090104,2059965,251856,364966,2511,1440633,NA,NA,NA
2021-07-25,Organic,1.598861246,2121873,265661,455984,2081,1398148,NA,NA,NA
2021-08-01,Organic,1.631364985,2032320,256689,367213,650,1407770,NA,NA,NA
2021-08-08,Organic,1.639202697,2073282,289828,334262,546,1448647,NA,NA,NA
2021-08-15,Organic,1.631619346,2080630,275319,340611,304,1464397,NA,NA,NA
2021-08-22,Organic,1.624470427,2127605,263058,335167,249,1529133,NA,NA,NA
2021-08-29,Organic,1.630806333,2205490,278724,353543,160,1573065,NA,NA,NA
2021-09-05,Organic,1.631157097,2292221,313000,368561,146,1610515,NA,NA,NA
2021-09-12,Organic,1.62808014,2261823,298113,369815,179,1593717,NA,NA,NA
2021-09-19,Organic,1.666989941,2167061,306627,352522,350,1507564,NA,NA,NA
2021-09-26,Organic,1.618626096,2046530,302720,324759,162,1418892,NA,NA,NA
2021-10-03,Organic,1.577178219,2137120,297661,312446,107,1526907,NA,NA,NA
2021-10-10,Organic,1.579044009,2210267,293418,320195,106,1596549,NA,NA,NA
2021-10-17,Organic,1.584102691,2156328,290278,312377,149,1553525,NA,NA,NA
2021-10-24,Organic,1.561017272,2195149,299338,301288,259,1594265,NA,NA,NA
2021-10-31,Organic,1.527330944,2345958,299441,339128,107,1707284,NA,NA,NA
2021-11-07,Organic,1.564527537,2261726,332620,343558,192,1585358,NA,NA,NA
2021-11-14,Organic,1.532661106,2255638,292441,333278,337,1629584,NA,NA,NA
2021-11-21,Organic,1.54414156,2137366,299063,321047,385,1516873,NA,NA,NA
2021-11-28,Organic,1.588420302,1849513,273062,280488,215,1295750,NA,NA,NA
2021-12-05,Organic,1.537400418,2339989,397645,379713,120,1562513,NA,NA,NA
2021-12-12,Organic,1.50315726,2321405,374981,317811,196,1628419,NA,NA,NA
2021-12-19,Organic,1.524639005,2185024,343517,252807,642,1588058,NA,NA,NA
2021-12-26,Organic,1.529996196,2163276,333623,244040,358,1585258,NA,NA,NA
2022-01-02,Organic,1.5026472,2401702,450655,282110,217,1668721,NA,NA,NA
2022-01-10,Organic,1.418059675,2889569,428854,312305,423,2147988,NA,NA,NA
2022-01-16,Organic,1.487121883,2669869,379987,320782,162,1968940,NA,NA,NA
2022-01-23,Organic,1.494442233,2662581,437785,319123,215,1905459,NA,NA,NA
2022-01-30,Organic,1.484580246,2743212,405522,312924,197,2024570,NA,NA,NA
2022-02-06,Organic,1.525614482,2599617,328408,311920,241,1959048,NA,NA,NA
2022-02-13,Organic,1.552175235,2496658,288238,296935,209,1911277,NA,NA,NA
2022-02-20,Organic,1.574990736,2424409,274059,276206,243,1873902,NA,NA,NA
2022-02-27,Organic,1.564135518,2492755,306289,287488,176,1898804,NA,NA,NA
2022-03-06,Organic,1.610252707,2377232,313105,273223,168,1790737,NA,NA,NA
2022-03-13,Organic,1.648767823,2485648,306359,311146,245,1867900,NA,NA,NA
2022-03-20,Organic,1.658367321,2420936,303086,318391,219,1799241,NA,NA,NA
2022-03-27,Organic,1.654939257,2515471,292944,298057,210,1924261,NA,NA,NA
2022-04-03,Organic,1.654980724,2645699,315907,311966,225,2017603,NA,NA,NA
2022-04-10,Organic,1.687413787,2587290,330235,331463,268,1925325,NA,NA,NA
2022-04-17,Organic,1.724147461,2514171,352872,309301,297,1851703,NA,NA,NA
2022-04-24,Organic,1.732035693,2343056,323147,279709,265,1739936,NA,NA,NA
2022-05-01,Organic,1.764186345,2170353,313685,320467,117,1536085,NA,NA,NA
2022-05-08,Organic,1.735945227,2470219,344729,299104,64,1826323,NA,NA,NA
2022-05-15,Organic,1.781624984,2446051,334400,271746,116,1839791,NA,NA,NA
2022-05-22,Organic,1.80794759,2451935,339764,258428,90,1853655,NA,NA,NA
2022-05-29,Organic,1.817347883,2495863,333899,277659,84,1884224,NA,NA,NA
2022-06-05,Organic,1.829375455,2418862,302906,311882,67,1804009,NA,NA,NA
2022-06-12,Organic,1.819086174,2309777,295117,288108,93,1726460,NA,NA,NA
2022-06-19,Organic,1.855554019,2269672,299666,299206,95,1670706,NA,NA,NA
2022-06-26,Organic,1.844336747,2114377,273177,270708,94,1570399,NA,NA,NA
2022-07-03,Organic,1.834156827,2244051,268366,428617,174,1546895,NA,NA,NA
2022-07-10,Organic,1.849308438,2146258,269151,393703,6512,1476893,NA,NA,NA
2022-07-17,Organic,1.904184888,2006286,271278,319857,13001,1402152,NA,NA,NA
2022-07-24,Organic,1.865741861,2084191,268430,323227,12920,1479615,NA,NA,NA
2022-07-31,Organic,1.832749657,1968785,263180,297227,5209,1403171,NA,NA,NA
2022-08-07,Organic,1.832923952,1955211,295832,300828,10388,1348164,NA,NA,NA
2022-08-14,Organic,1.741249337,2026707,306905,293923,14640,1411241,NA,NA,NA
2022-08-21,Organic,1.73800862,1989928,258986,283406,13006,1434532,NA,NA,NA
2022-08-28,Organic,1.649101092,2105232,288489,319067,14172,1483504,NA,NA,NA
2022-09-04,Organic,1.644825321,2128136,354072,305468,21935,1446663,NA,NA,NA
2022-09-11,Organic,1.637393083,2217287,259121,394903,13997,1549268,NA,NA,NA
2022-09-18,Organic,1.628887705,2142269,257121,360748,6408,1517993,NA,NA,NA
2022-09-25,Organic,1.588713779,2067231,257625,356253,4083,1449272,NA,NA,NA
2022-10-02,Organic,1.547969717,2016678,254777,335208,3876,1422818,NA,NA,NA
2022-10-09,Organic,1.547202619,1997406,258626,304711,4120,1429951,NA,NA,NA
2022-10-16,Organic,1.529899599,1966818,286787,309188,3295,1367550,NA,NA,NA
2022-10-23,Organic,1.494661988,1901456,269674,288272,4124,1339387,NA,NA,NA
2022-10-30,Organic,1.46360103,1926544,241770,294906,3805,1386064,NA,NA,NA
2022-11-06,Organic,1.437979776,2044209,272143,309734,3383,1458950,NA,NA,NA
2022-11-13,Organic,1.41970892,2025646,248861,322173,4192,1450420,NA,NA,NA
2022-11-20,Organic,1.451273667,1874190,231173,289563,4075,1349380,NA,NA,NA
2022-11-27,Organic,1.473343549,1676455,236422,262872,3471,1173692,NA,NA,NA
2022-12-04,Organic,1.347551286,2223108,282764,323159,2766,1614421,NA,NA,NA
2022-12-11,Organic,1.365834054,2029864,243239,297185,4496,1484945,NA,NA,NA
2022-12-18,Organic,1.383059768,1961825,229245,283153,4058,1445371,NA,NA,NA
2022-12-25,Organic,1.413941151,2007197,268343,296799,4680,1437375,NA,NA,NA
2023-01-01,Organic,1.425608555,1860550,263272,323100,4885,1269295,NA,NA,NA
2023-01-09,Organic,1.296786336,3059048,663723,508550,4247,1882529,NA,NA,NA
2023-01-15,Organic,1.313066367,2830957,753626,483832,4273,1589228,NA,NA,NA
2023-01-22,Organic,1.372664863,2332809,372467,318923,4433,1636987,NA,NA,NA
2023-01-29,Organic,1.376309164,2315857,339859,296054,4662,1675283,NA,NA,NA
2023-02-05,Organic,1.377772109,2239419,322911,293150,4938,1618422,NA,NA,NA
2023-02-12,Organic,1.330026294,2339343,313976,342511,5461,1677397,NA,NA,NA
2023-02-19,Organic,1.310048569,2355272,286331,332274,4609,1732060,NA,NA,NA
2023-02-26,Organic,1.340919432,2531829,480974,369819,5343,1675695,NA,NA,NA
2023-03-05,Organic,1.386744284,2449153,448712,380517,4935,1614989,NA,NA,NA
2023-03-12,Organic,1.330243656,2414135,286155,347773,4566,1775643,NA,NA,NA
2023-03-19,Organic,1.298829563,2334610,282183,292564,5265,1754600,NA,NA,NA
2023-03-26,Organic,1.280867198,2412744,340613,289920,4543,1777669,NA,NA,NA
2023-04-02,Organic,1.260862086,2520810,366540,299598,4088,1850586,NA,NA,NA
2023-04-09,Organic,1.247061977,2649918,348144,297438,5305,1999033,NA,NA,NA
2023-04-16,Organic,1.289333502,2586568,362288,302401,5306,1916574,NA,NA,NA
2023-04-23,Organic,1.282341446,2769409,372120,288049,5937,2103304,NA,NA,NA
2023-04-30,Organic,1.322027798,2549723,382660,263126,5059,1898880,NA,NA,NA
2023-05-07,Organic,1.358811843,2789593,638255,354232,6876,1790231,NA,NA,NA
2023-05-14,Organic,1.375890949,2425178,384689,314704,5347,1720439,NA,NA,NA
2023-05-21,Organic,1.358299911,2387512,310792,282123,5730,1788868,NA,NA,NA
2023-05-28,Organic,1.331772521,2516131,330165,300291,6122,1879555,NA,NA,NA
2023-06-04,Organic,1.356485799,2506808,325871,305241,4275,1871423,NA,NA,NA
2023-06-11,Organic,1.335729978,2667394,366332,294244,4377,2002443,NA,NA,NA
2023-06-18,Organic,1.397413627,2342562,328279,289487,5748,1719049,NA,NA,NA
2023-06-25,Organic,1.388041525,2327145,281886,312822,5870,1726570,NA,NA,NA
2023-07-02,Organic,1.450142086,2342505,316796,335493,3724,1686494,NA,NA,NA
2023-07-09,Organic,1.470879822,2422704,349909,331942,2565,1738290,NA,NA,NA
2023-07-16,Organic,1.487054651,2312651,300342,322817,573,1688920,NA,NA,NA
2023-07-23,Organic,1.516098532,2234393,284245,323341,51,1626757,NA,NA,NA
2023-07-30,Organic,1.524878528,2319718,314032,322631,79,1682978,NA,NA,NA
2023-08-06,Organic,1.524093294,2430587,327893,370851,35,1731810,NA,NA,NA
2023-08-13,Organic,1.526146468,2378184,365446,363323,31,1649385,NA,NA,NA
2023-08-20,Organic,1.519928609,2317051,314336,323051,59,1679606,NA,NA,NA
2023-08-27,Organic,1.513503405,2302201,312971,313546,63,1675623,NA,NA,NA
2023-09-03,Organic,1.546583407,2248071,322889,327473,73,1597637,NA,NA,NA
2023-09-10,Organic,1.522204439,2180413,305071,296236,67,1579040,NA,NA,NA
2023-09-17,Organic,1.547548983,2137245,297476,328238,55,1511477,NA,NA,NA
2023-09-24,Organic,1.505481635,2110709,320623,317422,44,1472621,NA,NA,NA
2023-10-01,Organic,1.54973171,2016895,297725,311431,39,1407701,NA,NA,NA
2023-10-08,Organic,1.484368144,2238259,291031,319046,231,1627953,NA,NA,NA
2023-10-15,Organic,1.48373647,2247921,292300,299828,1185,1654610,NA,NA,NA
2023-10-22,Organic,1.486734957,2186851,273430,279340,2024,1632059,NA,NA,NA
2023-10-29,Organic,1.469233501,2173101,276282,252197,3389,1641234,NA,NA,NA
2023-11-05,Organic,1.472913315,2196325,296293,244865,3955,1651213,NA,NA,NA
2023-11-12,Organic,1.472643589,2225876,293694,258704,4011,1669468,NA,NA,NA
2023-11-19,Organic,1.454362386,2181761,292181,240653,4218,1644711,NA,NA,NA
2023-11-26,Organic,1.492057949,1927727,271187,220995,3291,1432255,NA,NA,NA
2023-12-03,Organic,1.389124361,2421092,277138,274615,4162,1865178,NA,NA,NA
2023-12-10,Organic,1.384493207,2328745,282267,248905,4241,1793332,NA,NA,NA
2023-12-17,Organic,1.360990271,2307875,267745,224233,5337,1810562,NA,NA,NA
2023-12-24,Organic,1.354975313,2364947,277092,234928,5502,1847427,NA,NA,NA
2023-12-31,Organic,1.364678814,2128502,276180,246422,5150,1600752,NA,NA,NA
2024-01-08,Organic,1.32988416,2877105,335510,269111,5366,2267120,NA,NA,NA
2024-01-14,Organic,1.362854456,2693383,322388,298196,5544,2067256,NA,NA,NA
2024-01-21,Organic,1.330570249,2688054,314199,286007,5455,2082394,NA,NA,NA
2024-01-28,Organic,1.279673076,2942559,272377,289053,5316,2375815,NA,NA,NA
2024-02-04,Organic,1.314993152,2812826,281337,270613,7755,2253123,NA,NA,NA
2024-02-11,Organic,1.310279953,2858500,325026,321638,5614,2206224,NA,NA,NA
2024-02-18,Organic,1.283389456,2901702,293623,305846,3309,2298926,NA,NA,NA
2024-02-25,Organic,1.302757905,2949212,329458,315930,177,2303648,NA,NA,NA
2024-03-03,Organic,1.314583,2799410,293471,308858,23,2197060,NA,NA,NA
2024-03-10,Organic,1.283705,3029769,292976,309513,60,2427221,NA,NA,NA
2024-03-17,Organic,1.286759,2947451,301948,285252,30,2360222,NA,NA,NA
2024-03-24,Organic,1.305002,2989133,343642,289417,23,2356052,NA,NA,NA
2024-03-31,Organic,1.36516,3000025,322718,302891,63,2374355,NA,NA,NA
2024-04-07,Organic,1.36293,3179851,335144,341895,85,2502728,NA,NA,NA
2024-04-14,Organic,1.38736,3165544,319793,356002,64,2489687,NA,NA,NA
2024-04-21,Organic,1.37065,3149930,305047,277051,63,2567770,NA,NA,NA
2024-04-28,Organic,1.40363,3087530,325530,263042,64,2498895,NA,NA,NA
2024-05-05,Organic,1.40303,3229257,383572,316189,47,2529451,NA,NA,NA
2024-05-12,Organic,1.4787,3020029,351466,310468,29,2358067,NA,NA,NA
2024-05-19,Organic,1.51767,2841057,345499,297680,19,2197860,NA,NA,NA
2024-05-26,Organic,1.527390027,3010073,340749,316300,1530,2351495,NA,NA,NA
2024-06-02,Organic,1.553766874,2950636,353418,327361,1562,2268296,NA,NA,NA
2024-06-09,Organic,1.543818855,3163383,377594,363599,324,2421867,NA,NA,NA
2024-06-16,Organic,1.579927066,2909115,382151,317402,450,2209114,NA,NA,NA
2024-06-23,Organic,1.545470217,3036306,366764,343951,2336,2323257,NA,NA,NA
2024-06-30,Organic,1.584960631,2879195,371684,309672,573,2197268,NA,NA,NA
2024-07-07,Organic,1.65047693,2614926,395530,326213,68,1893116,NA,NA,NA
2024-07-14,Organic,1.656569462,2489158,317806,344242,141,1826970,NA,NA,NA
2024-07-21,Organic,1.664277898,2436093,336965,349504,40,1749587,NA,NA,NA
2024-07-28,Organic,1.677968569,2305265,332145,309756,59,1663307,NA,NA,NA
2024-08-04,Organic,1.686725592,2459273,330891,347455,105,1780823,NA,NA,NA
2024-08-11,Organic,1.665025193,2470013,323046,334923,38,1812008,NA,NA,NA
2024-08-18,Organic,1.67752872,2371686,303418,302156,1704,1764410,NA,NA,NA
2024-08-25,Organic,1.695493114,2397702,294633,287775,457,1814839,NA,NA,NA
2024-09-01,Organic,1.703209,2523460,298110,276264,80,1949007,NA,NA,NA
2024-09-08,Organic,1.695139286,2642528,317329,299221,1504,2024475,NA,NA,NA
2024-09-15,Organic,1.699739279,2444902,309935,259484,387,1875097,NA,NA,NA
2024-09-22,Organic,1.720158965,2381746,303846,273202,1039,1803662,NA,NA,NA
2024-09-29,Organic,1.732097096,2372016,286818,304739,439,1780023,NA,NA,NA
2024-10-06,Organic,1.706677869,2435516,276935,288091,1254,1869238,NA,NA,NA
2024-10-13,Organic,1.740573728,2256437,253646,296332,34,1706427,NA,NA,NA
2024-10-20,Organic,1.709555721,2329047,287290,282158,32,1759569,NA,NA,NA
2024-10-27,Organic,1.702402014,2401092,291914,269560,27,1839592,NA,NA,NA
2024-11-03,Organic,1.682038652,2371129,280108,272438,63,1818522,NA,NA,NA
2024-11-10,Organic,1.675450432,2664098,309992,331014,52,2023041,NA,NA,NA
2024-11-17,Organic,1.682911958,2445340,285192,282441,76,1877632,NA,NA,NA
2024-11-24,Organic,1.659510809,2245179,266147,227718,108,1751207,NA,NA,NA
2024-12-01,Organic,1.638381973,2075225,256080,212079,37,1607031,NA,NA,NA
2024-12-08,Organic,1.620100189,2377854,272467,270026,759,1834604,NA,NA,NA
2024-12-15,Organic,1.594256085,2462875,285289,243160,220,1934207,NA,NA,NA
2024-12-22,Organic,1.603094265,2376069,305732,212040,71,1858227,NA,NA,NA
2024-12-29,Organic,1.648506196,2128121,298989,212677,44,1616412,NA,NA,NA
